category,slug,mgg_name,common_local_aliases,mgg_unit,partner_product_name,price_per_unit_pickup,delivered_price_or_fee_dfw_core,delivered_price_or_fee_dfw_north,delivered_price_or_fee_dfw_outer,truck_sizes_and_max_per_load,minimum_load,saturday_surcharge,lead_time,availability_seasonality,notes
gravel,pea-gravel,Pea Gravel (3/8"),"3/8 inch pea gravel; pea rock",ton,EXAMPLE: 3/8" Pea Gravel,EXAMPLE: $71.43/ton (DFW yard median -- not a real quote),EXAMPLE: +$110 delivery fee (placeholder -- not a real quote),,,EXAMPLE: tandem 15t max,EXAMPLE: 3 tons,EXAMPLE: none,EXAMPLE: next-day if ordered by noon,EXAMPLE: year-round,EXAMPLE row -- delete before sending to a real partner
gravel,57-limestone,#57 Crushed Limestone,"#57 stone; 3/4 inch crushed limestone; washed rock; drainage rock",ton,,,,,,,,,,,
gravel,flex-base,Flex Base / Road Base,"road base; crusher run; base material; caliche base",ton,,,,,,,,,,,
gravel,decomposed-granite,Decomposed Granite,"DG; decomposed granite fines; tan gravel",ton,,,,,,,,,,,
gravel,rip-rap,Rip Rap,"riprap; large rock; erosion rock; 4-8 inch rock",ton,,,,,,,,,,,
gravel,river-rock,River Rock 1-3",1-3" river rock; river pebbles; native river rock",ton,,,,,,,,,,,
sand,mason-sand,Mason Sand,"plaster sand; fine washed sand; mortar sand",ton,,,,,,,,,,,
sand,bank-sand,Bank Sand (fill),"fill sand; unwashed sand; bank run sand",ton,,,,,,,,,,,
sand,concrete-sand,Concrete Sand,"C-33 sand; coarse washed sand; paver base sand",ton,,,,,,,,,,,
sand,play-sand,Play / Playground Sand,"washed play sand; screened play sand",ton,,,,,,,,,,,
sand,washed-sand,Washed Sand,"screened sand; general washed sand",ton,,,,,,,,,,,
mulch,native-hardwood,Double-Shred Native Hardwood,"triple shred mulch; natural mulch; undyed hardwood mulch",yd,,,,,,,,,,,
mulch,black-dyed,Black Dyed Mulch,"black mulch; onyx mulch",yd,,,,,,,,,,,
mulch,brown-dyed,Brown Dyed Mulch,"brown mulch; chocolate mulch",yd,,,,,,,,,,,
mulch,dyed-red,Red Dyed Mulch,"red mulch; cedar-red dyed mulch",yd,,,,,,,,,,,
mulch,cedar,Cedar Mulch,"shredded cedar; natural cedar mulch",yd,,,,,,,,,,,
mulch,pine-bark,Pine Bark Mulch,"pine bark nuggets/mini-nuggets; bark mulch",yd,,,,,,,,,,,
mulch,playground-mulch,Playground Mulch,"engineered wood fiber; EWF; certified playground mulch",yd,,,,,,,,,,,
soil,sandy-loam,Sandy Loam Topsoil,"screened topsoil; sandy loam; garden topsoil",yd,,,,,,,,,,,
soil,garden-mix,Garden / Raised-Bed Mix,"raised bed mix; garden soil blend; planting mix",yd,,,,,,,,,,,
soil,compost,Compost,"black gold; composted organic matter; soil amendment",yd,,,,,,,,,,,
soil,select-fill,Select Fill Dirt,"clean fill dirt; select fill; low-organic fill",yd,,,,,,,,,,,
