name,url,platform,yard_addresses,city,phone,online_ordering,delivery_fee_model,minimum,google_rating,google_reviews,notes
Mulch Mound,https://mulchmound.com,shopify,"multi-city satellite pages (no single yard address published)","Dallas / Fort Worth / Arlington / Garland / Wylie / Grapevine / Southlake / Addison (city landing pages)",unknown,cart,"calculated in cart by ZIP/distance",unknown,4.7,137,"Shopify storefront; per-city pages e.g. /pages/dallas-texas, /pages/fort-worth-texas; date-picker checkout; mulch $46/yd per strategy doc"
Outdoor Warehouse Supply,https://www.outdoorwarehousesupply.com,woocommerce,"Plano, TX yard; Lewisville, TX yard","Plano / Lewisville",unknown,cart,"flat/distance fee at checkout",2 yd,unknown,unknown,"Pea gravel $100/yd, native gravel $100/yd, flex base $65/yd per strategy doc; same/next-day delivery"
Silver Creek Materials,https://silvercreekmaterials.com,none,"Fort Worth, TX yard","Fort Worth",unknown,none,"priced by distance and volume (phone quote)",unknown,unknown,unknown,"No published online prices; potential partner node"
Soil Building Systems,https://www.soilbuildingsystems.com,none,"Dallas, TX (manufacturer/wholesaler since 1972)","Dallas / DFW metroplex wholesale",unknown,none,unknown,unknown,unknown,unknown,"Bulk + bagged organic compost/soil/mulch manufacturer; wholesale-focused, potential partner/supplier"
Living Earth,https://livingearth.net,none,"~30 TX locations incl. Dallas, Plano, Rockwall","Dallas / Plano / Rockwall / DFW-wide",unknown,none,unknown,unknown,unknown,unknown,"Large regional chain since 1985; bulk + bagged mulch/compost/soil/rock; delivers within 100 mi"
Fort Worth Grass & Stone,https://fortworthgrass.com,none,"10379 North Fwy, Fort Worth, TX","Fort Worth",unknown,none,"$45/trip flat delivery fee","5 yd minimum",unknown,35,"35+ yrs in DFW; turf, stone, mulch, gravel, decomposed granite, firewood"
A Better Arborist,https://abetterarborist.net,none,"Fort Worth / DFW metroplex",unknown,unknown,none,unknown,unknown,unknown,unknown,"Landscape materials delivery arm of an arborist company"
Hello Gravel,https://hellogravel.com,custom-cart,"broker; sources via local supplier network, no single yard","National broker with DFW city pages (Dallas, Fort Worth, Arlington, Mesquite, Garland, Allen, Wylie, Weatherford, Denton, Lewisville, Grapevine, Southlake, Colleyville, Keller, Forney)",unknown,instant-delivered-price,"included in displayed delivered price",3 tons,unknown,unknown,"Returns 403 to automated WebFetch; programmatic /locations/texas/<city>-<zip>/ pages; next-business-day if ordered by noon; closest model to MGG"
Gravel Monkey,https://mygravelmonkey.com,custom-cart,"multi-region aggregate delivery, no single yard","DFW-wide incl. Forney",unknown,instant-delivered-price,"live ZIP-based pricing at checkout",unknown,unknown,unknown,"FIRSTTIMER50 promo; publishes metro price guide blog (AEO bait); name confusingly close to MyGravelGuy"
Home Depot (Garden Center #6816),https://www.homedepot.com,none,"store #6816, Dallas, TX","Dallas (big-box, many DFW stores)",unknown,cart,"HD truck rental / partner delivery fee",unknown,unknown,unknown,"Big-box bagged + limited bulk aggregate; baseline low-end price anchor"
Earth Haulers,https://www.earthhaulers.com,none,"Fort Worth, TX (~50 yrs in business)","Fort Worth / DFW metroplex + contiguous counties",unknown,none,"per-dump-location fee (extra fee per additional dump spot within 4 blocks)",unknown,unknown,unknown,"Topsoil, mulch, play sand, river rock, cobble"
Aggregates Now,https://aggregatesnow.com,none,"Dallas, TX","Dallas / Plano / Frisco / McKinney / Allen",unknown,none,"quote-based",unknown,unknown,unknown,"Road base, crushed limestone, fill dirt, rip rap, crushed concrete, sand, DG, pea gravel, topsoil, mulch"
JBS Express McKinney,https://jbsexpressmckinney.com,none,"McKinney, TX","McKinney / Frisco / Dallas",unknown,none,"quote-based",unknown,unknown,unknown,"Dump truck delivery service; mulch, dirt, sand, gravel"
Denton Sand and Gravel,https://www.dentonsandandgravel.com,none,"10531 FM 2450, Sanger, TX 76266","Denton / McKinney / Denton-Cooke-Wise-Collin-Tarrant-Montague-Grayson-Dallas counties",unknown,none,"quote-based",unknown,unknown,unknown,"Sandy loam, soil blends, landscaping rocks, mulch"
Hunt County Sand and Gravel (Design Masters),https://www.huntcountysandandgravel.com,none,unknown,"Plano / Frisco / McKinney / Allen",unknown,none,"quote-based",unknown,unknown,unknown,"Limestone gravel, road base, decomposed granite, pea gravel"
Chesshir Stone & Rock Supply,https://www.chesshirstone.com,none,"DFW-area yard(s)","Dallas / Plano / Hurst / Irving / Garland / Mesquite / McKinney / Frisco / Carrollton / Denton / Richardson / Lewisville / Flower Mound / Allen / Grapevine / Coppell / Wylie / Sachse / Rowlett / Keller / Southlake / Bedford",unknown,none,"quote-based",unknown,unknown,unknown,"Self-described largest stone supplier in DFW; widest published city coverage found"
American Rock Supply,https://americanrocksupply.com,none,"multi-location aggregate delivery network","Mesquite / Rockwall",unknown,cart,"free delivery advertised",unknown,unknown,unknown,"Crushed stone, river rock, sand, mulch; location pages per city/ZIP"
MyGravelBuddy,https://mygravelbuddy.com,custom-cart,"multi-region, no single yard","Mesquite / DFW-wide",unknown,instant-delivered-price,"included in displayed delivered price",unknown,unknown,unknown,"Similar broker model to Hello Gravel / Gravel Monkey"
Bargain Landscape Supply,https://bargainlandscapesupply.com,none,"per-city subdomains (mesquite-tx, garland-tx, wylie-tx, prosper-tx, forney-tx, colleyville-tx, etc.)","Mesquite / Garland / Wylie / Prosper / Forney / Colleyville",unknown,none,"quote-based",unknown,unknown,unknown,"Topsoil, gravel, stone, sand, mulch, fill dirt, pavers, retaining wall blocks, boulders; templated multi-city SEO sites"
Complete Landscape Supply,https://completelandscapesupply.com,none,"per-city subdomains (garland-tx, wylie-tx, prosper-tx, forney-tx, etc.)","Garland / Wylie / Prosper / Forney",unknown,none,"quote-based",unknown,unknown,unknown,"Same product range and templated site pattern as Bargain Landscape Supply, likely same operator/franchise network"
Select Sand & Gravel,https://selectsg.com,none,"Fort Worth, TX","Fort Worth / Arlington / Mansfield / Keller / NRH / Bedford / Hurst / Euless / Grapevine / Saginaw / Benbrook / Crowley / Burleson / Haslet / Lake Worth / Azle / Aledo / Southlake",817-512-5292,none,"quote-based",unknown,unknown,unknown,"Sand, gravel, crushed limestone, decomposed granite, topsoil, fill dirt"
Big Tex Stone,https://www.bigtexstone.com,none,"Fort Worth, TX","Fort Worth / Keller / Southlake / Colleyville / Trophy Club / Aledo / Arlington / Mansfield / Burleson / Weatherford",unknown,none,"quote-based",unknown,unknown,unknown,"Stone-forward supplier; also mulch/soil/sand per product catalog page"
Texas Rock n Stone (Earthstone Rock),https://www.earthstonerock.com,none,"quarry-direct, TX-wide",unknown,unknown,cart,"quarry-direct pricing, delivery quoted",unknown,unknown,unknown,"River rock, cobble, decomposed granite, flagstone"
By The Yard Mulch,https://www.bytheyardmulch.com,none,unknown,"Southlake / Grapevine / Colleyville",unknown,none,"delivery + installation service (not self-serve)",unknown,unknown,unknown,"Delivery AND installation model, not just drop-off; different value prop"
First Choice Landscape Supply,https://firstchoicelandscapesupply.com,none,"per-city subdomains (colleyville-tx, etc.)","Colleyville / NE Tarrant County",unknown,none,"quote-based",unknown,unknown,unknown,"Topsoil, gravel, mulch, sand, stone, pavers, retaining walls"
Tex-Art,http://www.tex-art.com,none,"Dallas / Fort Worth / Keller yards","Dallas / Fort Worth / Keller",unknown,none,"quote-based",unknown,unknown,unknown,"Natural stone, mulch, sand, gravel, soil, masonry supplies"
GravelShop (directory),https://www.gravelshop.com,marketplace,"N/A - lead-gen directory","DFW-wide (Tarrant/Denton/Dallas county pages)",unknown,none,"N/A - aggregator, not a direct seller",unknown,unknown,unknown,"Directory/marketplace, not a direct competitor; SEO threat for 'gravel sand topsoil <city>' queries"
GoodGravel (directory),https://goodgravel.com,marketplace,"N/A - lead-gen directory","Texas statewide",unknown,none,"N/A - aggregator, not a direct seller",unknown,unknown,unknown,"Directory/marketplace listing TX gravel suppliers; not a direct competitor"
