competitor,product_name,category,normalized_material,size_variant,price,unit,price_per_yd,price_per_ton,delivery_included,is_bulk,source_url,scraped_at,seller_class,data_source,llm_source
Mulch Mound,Dallas Mulch Delivery,mulch,Natural Brown / Triple Shredded,Arlington1,46,yd,46,153.33,unknown,true,https://mulchmound.com/products/dallas-texas-mulch-delivery,2026-09-28T03:52:46.353Z,yard,own_scrape,
Mulch Mound,Dallas Mulch Delivery,mulch,Natural Brown / Double Shredded,Arlington1,34,yd,34,113.33,unknown,true,https://mulchmound.com/products/dallas-texas-mulch-delivery,2026-09-28T03:52:46.353Z,yard,own_scrape,
Mulch Mound,Dallas Mulch Delivery,mulch,Dyed Brown / Double Shredded,Arlington1,46,yd,46,153.33,unknown,true,https://mulchmound.com/products/dallas-texas-mulch-delivery,2026-09-28T03:52:46.353Z,yard,own_scrape,
Mulch Mound,Dallas Mulch Delivery,mulch,Dyed Black / Double Shredded,Arlington1,46,yd,46,153.33,unknown,true,https://mulchmound.com/products/dallas-texas-mulch-delivery,2026-09-28T03:52:46.353Z,yard,own_scrape,
Mulch Mound,Dallas Mulch Delivery,mulch,Dyed Red / Double Shredded,Arlington1,46,yd,46,153.33,unknown,true,https://mulchmound.com/products/dallas-texas-mulch-delivery,2026-09-28T03:52:46.353Z,yard,own_scrape,
Mulch Mound,Dallas Mulch Delivery,mulch,Cedar / Double Shredded,Arlington1,55,yd,55,183.33,unknown,true,https://mulchmound.com/products/dallas-texas-mulch-delivery,2026-09-28T03:52:46.353Z,yard,own_scrape,
Mulch Mound,Dallas Mulch Delivery,mulch,Pine Bark / Double Shredded,Arlington1,55,yd,55,183.33,unknown,true,https://mulchmound.com/products/dallas-texas-mulch-delivery,2026-09-28T03:52:46.353Z,yard,own_scrape,
Mulch Mound,Dallas Mulch Delivery,mulch,Playground / Standard,Arlington1,52,yd,52,173.33,unknown,true,https://mulchmound.com/products/dallas-texas-mulch-delivery,2026-09-28T03:52:46.353Z,yard,own_scrape,
Mulch Mound,Dallas Sand Delivery,sand,Masonry / Bulk,mulch_mound_dallas_tx,74,yd,74,54.81,unknown,true,https://mulchmound.com/products/dallas-texas-sand-delivery,2026-09-28T03:52:47.591Z,yard,own_scrape,
Mulch Mound,Dallas Sand Delivery,sand,Fill / Bulk,mulch_mound_dallas_tx,69,yd,69,51.11,unknown,true,https://mulchmound.com/products/dallas-texas-sand-delivery,2026-09-28T03:52:47.591Z,yard,own_scrape,
Mulch Mound,Dallas Sand Delivery,sand,Play / Bulk,Arlington1,97,yd,97,71.85,unknown,true,https://mulchmound.com/products/dallas-texas-sand-delivery,2026-09-28T03:52:47.591Z,yard,own_scrape,
Mulch Mound,Dallas Sand Delivery,sand,Concrete / Bulk,Arlington1,96,yd,96,71.11,unknown,true,https://mulchmound.com/products/dallas-texas-sand-delivery,2026-09-28T03:52:47.591Z,yard,own_scrape,
Mulch Mound,Dallas Soil Delivery,soil,Gardening Blend / Standard,Arlington1,55,yd,55,50,unknown,true,https://mulchmound.com/products/dallas-texas-soil-delivery,2026-09-28T03:52:48.835Z,yard,own_scrape,
Mulch Mound,Dallas Soil Delivery,soil,Top Soil / Screened,Arlington1,49,yd,49,44.55,unknown,true,https://mulchmound.com/products/dallas-texas-soil-delivery,2026-09-28T03:52:48.835Z,yard,own_scrape,
Mulch Mound,Dallas Soil Delivery,soil,Gardening Blend / Premium,mulch_mound_dallas_tx,101,yd,101,91.82,unknown,true,https://mulchmound.com/products/dallas-texas-soil-delivery,2026-09-28T03:52:48.835Z,yard,own_scrape,
Mulch Mound,Dallas Gravel Delivery,gravel,"West Texas Black / 3"" Minus",justin_texas,545,yd,545,389.29,unknown,true,https://mulchmound.com/products/dallas-texas-stone-delivery,2026-09-28T03:52:50.064Z,yard,own_scrape,
Mulch Mound,Dallas Gravel Delivery,gravel,"West Texas Black / 1""",justin_texas,549,yd,549,392.14,unknown,true,https://mulchmound.com/products/dallas-texas-stone-delivery,2026-09-28T03:52:50.064Z,yard,own_scrape,
Mulch Mound,Dallas Gravel Delivery,gravel,"Road Base / 1.5""",justin_texas,127,yd,127,90.71,unknown,true,https://mulchmound.com/products/dallas-texas-stone-delivery,2026-09-28T03:52:50.064Z,yard,own_scrape,
Mulch Mound,Dallas Gravel Delivery,gravel,"Road Base / 0.75""",justin_texas,127,yd,127,90.71,unknown,true,https://mulchmound.com/products/dallas-texas-stone-delivery,2026-09-28T03:52:50.064Z,yard,own_scrape,
Mulch Mound,Dallas Gravel Delivery,gravel,"Washed Granite / 0.75""",justin_texas,182,yd,182,130,unknown,true,https://mulchmound.com/products/dallas-texas-stone-delivery,2026-09-28T03:52:50.064Z,yard,own_scrape,
Mulch Mound,Dallas Gravel Delivery,gravel,Crushed Stone / #57,mulch_mound_dallas_tx,133,yd,133,95,unknown,true,https://mulchmound.com/products/dallas-texas-stone-delivery,2026-09-28T03:52:50.064Z,yard,own_scrape,
Mulch Mound,Dallas Gravel Delivery,gravel,"Limestone / 0.75""",Arlington1,110,yd,110,78.57,unknown,true,https://mulchmound.com/products/dallas-texas-stone-delivery,2026-09-28T03:52:50.064Z,yard,own_scrape,
Mulch Mound,Fort Worth Mulch Delivery,mulch,Natural Brown / Triple Shredded,Arlington1,46,yd,46,153.33,unknown,true,https://mulchmound.com/products/fort-worth-texas-mulch-delivery,2026-09-28T03:52:51.321Z,yard,own_scrape,
Mulch Mound,Fort Worth Mulch Delivery,mulch,Natural Brown / Double Shredded,Arlington1,34,yd,34,113.33,unknown,true,https://mulchmound.com/products/fort-worth-texas-mulch-delivery,2026-09-28T03:52:51.321Z,yard,own_scrape,
Mulch Mound,Fort Worth Mulch Delivery,mulch,Dyed Brown / Double Shredded,Arlington1,46,yd,46,153.33,unknown,true,https://mulchmound.com/products/fort-worth-texas-mulch-delivery,2026-09-28T03:52:51.321Z,yard,own_scrape,
Mulch Mound,Fort Worth Mulch Delivery,mulch,Dyed Black / Double Shredded,Arlington1,46,yd,46,153.33,unknown,true,https://mulchmound.com/products/fort-worth-texas-mulch-delivery,2026-09-28T03:52:51.321Z,yard,own_scrape,
Mulch Mound,Fort Worth Mulch Delivery,mulch,Dyed Red / Double Shredded,Arlington1,46,yd,46,153.33,unknown,true,https://mulchmound.com/products/fort-worth-texas-mulch-delivery,2026-09-28T03:52:51.321Z,yard,own_scrape,
Mulch Mound,Fort Worth Mulch Delivery,mulch,Cedar / Double Shredded,Arlington1,55,yd,55,183.33,unknown,true,https://mulchmound.com/products/fort-worth-texas-mulch-delivery,2026-09-28T03:52:51.321Z,yard,own_scrape,
Mulch Mound,Fort Worth Mulch Delivery,mulch,Pine Bark / Double Shredded,Arlington1,55,yd,55,183.33,unknown,true,https://mulchmound.com/products/fort-worth-texas-mulch-delivery,2026-09-28T03:52:51.321Z,yard,own_scrape,
Mulch Mound,Fort Worth Mulch Delivery,mulch,Playground / Standard,Arlington1,52,yd,52,173.33,unknown,true,https://mulchmound.com/products/fort-worth-texas-mulch-delivery,2026-09-28T03:52:51.321Z,yard,own_scrape,
Mulch Mound,Fort Worth Sand Delivery,sand,Masonry / Bulk,mulch_mound_fort_worth_tx,74,yd,74,54.81,unknown,true,https://mulchmound.com/products/fort-worth-texas-sand-delivery,2026-09-28T03:52:52.564Z,yard,own_scrape,
Mulch Mound,Fort Worth Sand Delivery,sand,Fill / Bulk,mulch_mound_fort_worth_tx,69,yd,69,51.11,unknown,true,https://mulchmound.com/products/fort-worth-texas-sand-delivery,2026-09-28T03:52:52.564Z,yard,own_scrape,
Mulch Mound,Fort Worth Sand Delivery,sand,Play / Bulk,Arlington1,97,yd,97,71.85,unknown,true,https://mulchmound.com/products/fort-worth-texas-sand-delivery,2026-09-28T03:52:52.564Z,yard,own_scrape,
Mulch Mound,Fort Worth Sand Delivery,sand,Concrete / Bulk,Arlington1,96,yd,96,71.11,unknown,true,https://mulchmound.com/products/fort-worth-texas-sand-delivery,2026-09-28T03:52:52.564Z,yard,own_scrape,
Mulch Mound,Fort Worth Soil Delivery,soil,Gardening Blend / Standard,Arlington1,55,yd,55,50,unknown,true,https://mulchmound.com/products/fort-worth-texas-soil-delivery,2026-09-28T03:52:53.826Z,yard,own_scrape,
Mulch Mound,Fort Worth Soil Delivery,soil,Top Soil / Screened,Arlington1,49,yd,49,44.55,unknown,true,https://mulchmound.com/products/fort-worth-texas-soil-delivery,2026-09-28T03:52:53.826Z,yard,own_scrape,
Mulch Mound,Fort Worth Soil Delivery,soil,Gardening Blend / Premium,aledo_texas,65,yd,65,59.09,unknown,true,https://mulchmound.com/products/fort-worth-texas-soil-delivery,2026-09-28T03:52:53.826Z,yard,own_scrape,
Mulch Mound,Fort Worth Gravel Delivery,gravel,"West Texas Black / 3"" Minus",justin_texas,545,yd,545,389.29,unknown,true,https://mulchmound.com/products/fort-worth-texas-stone-delivery,2026-09-28T03:52:55.061Z,yard,own_scrape,
Mulch Mound,Fort Worth Gravel Delivery,gravel,"West Texas Black / 1""",justin_texas,549,yd,549,392.14,unknown,true,https://mulchmound.com/products/fort-worth-texas-stone-delivery,2026-09-28T03:52:55.061Z,yard,own_scrape,
Mulch Mound,Fort Worth Gravel Delivery,gravel,"Road Base / 1.5""",justin_texas,127,yd,127,90.71,unknown,true,https://mulchmound.com/products/fort-worth-texas-stone-delivery,2026-09-28T03:52:55.061Z,yard,own_scrape,
Mulch Mound,Fort Worth Gravel Delivery,gravel,"Road Base / 0.75""",justin_texas,127,yd,127,90.71,unknown,true,https://mulchmound.com/products/fort-worth-texas-stone-delivery,2026-09-28T03:52:55.061Z,yard,own_scrape,
Mulch Mound,Fort Worth Gravel Delivery,gravel,"Washed Granite / 0.75""",justin_texas,182,yd,182,130,unknown,true,https://mulchmound.com/products/fort-worth-texas-stone-delivery,2026-09-28T03:52:55.061Z,yard,own_scrape,
Mulch Mound,Fort Worth Gravel Delivery,gravel,Crushed Stone / #57,mulch_mound_fort_worth_tx,133,yd,133,95,unknown,true,https://mulchmound.com/products/fort-worth-texas-stone-delivery,2026-09-28T03:52:55.061Z,yard,own_scrape,
Mulch Mound,Fort Worth Gravel Delivery,gravel,"Limestone / 0.75""",Arlington1,110,yd,110,78.57,unknown,true,https://mulchmound.com/products/fort-worth-texas-stone-delivery,2026-09-28T03:52:55.061Z,yard,own_scrape,
Mulch Mound,Plano Mulch Delivery,mulch,Dyed Brown / Double Shredded,mulch_mound_plano_tx,55,yd,55,183.33,unknown,true,https://mulchmound.com/products/plano-texas-mulch-delivery,2026-09-28T03:52:56.317Z,yard,own_scrape,
Mulch Mound,Plano Mulch Delivery,mulch,Dyed Black / Double Shredded,mulch_mound_plano_tx,55,yd,55,183.33,unknown,true,https://mulchmound.com/products/plano-texas-mulch-delivery,2026-09-28T03:52:56.317Z,yard,own_scrape,
Mulch Mound,Plano Mulch Delivery,mulch,Natural Brown / Double Shredded,mulch_mound_plano_tx,49,yd,49,163.33,unknown,true,https://mulchmound.com/products/plano-texas-mulch-delivery,2026-09-28T03:52:56.317Z,yard,own_scrape,
Mulch Mound,Plano Mulch Delivery,mulch,Natural Brown / Triple Shredded,Arlington1,46,yd,46,153.33,unknown,true,https://mulchmound.com/products/plano-texas-mulch-delivery,2026-09-28T03:52:56.317Z,yard,own_scrape,
Mulch Mound,Plano Mulch Delivery,mulch,Dyed Red / Double Shredded,Arlington1,46,yd,46,153.33,unknown,true,https://mulchmound.com/products/plano-texas-mulch-delivery,2026-09-28T03:52:56.317Z,yard,own_scrape,
Mulch Mound,Plano Mulch Delivery,mulch,Cedar / Double Shredded,Arlington1,55,yd,55,183.33,unknown,true,https://mulchmound.com/products/plano-texas-mulch-delivery,2026-09-28T03:52:56.317Z,yard,own_scrape,
Mulch Mound,Plano Mulch Delivery,mulch,Pine Bark / Double Shredded,Arlington1,55,yd,55,183.33,unknown,true,https://mulchmound.com/products/plano-texas-mulch-delivery,2026-09-28T03:52:56.317Z,yard,own_scrape,
Mulch Mound,Plano Mulch Delivery,mulch,Playground / Standard,Arlington1,52,yd,52,173.33,unknown,true,https://mulchmound.com/products/plano-texas-mulch-delivery,2026-09-28T03:52:56.317Z,yard,own_scrape,
Mulch Mound,Plano Sand Delivery,sand,Masonry / Bulk,mulch_mound_plano_tx,74,yd,74,54.81,unknown,true,https://mulchmound.com/products/plano-texas-sand-delivery,2026-09-28T03:52:57.581Z,yard,own_scrape,
Mulch Mound,Plano Sand Delivery,sand,Fill / Bulk,mulch_mound_plano_tx,69,yd,69,51.11,unknown,true,https://mulchmound.com/products/plano-texas-sand-delivery,2026-09-28T03:52:57.581Z,yard,own_scrape,
Mulch Mound,Plano Sand Delivery,sand,Play / Bulk,Arlington1,97,yd,97,71.85,unknown,true,https://mulchmound.com/products/plano-texas-sand-delivery,2026-09-28T03:52:57.581Z,yard,own_scrape,
Mulch Mound,Plano Sand Delivery,sand,Concrete / Bulk,Arlington1,96,yd,96,71.11,unknown,true,https://mulchmound.com/products/plano-texas-sand-delivery,2026-09-28T03:52:57.581Z,yard,own_scrape,
Mulch Mound,Plano Soil Delivery,soil,Top Soil / Screened,mulch_mound_plano_tx,55,yd,55,50,unknown,true,https://mulchmound.com/products/plano-texas-soil-delivery,2026-09-28T03:52:58.832Z,yard,own_scrape,
Mulch Mound,Plano Soil Delivery,soil,Gardening Blend / Standard,Arlington1,55,yd,55,50,unknown,true,https://mulchmound.com/products/plano-texas-soil-delivery,2026-09-28T03:52:58.832Z,yard,own_scrape,
Mulch Mound,Plano Gravel Delivery,gravel,"West Texas Black / 3"" Minus",justin_texas,545,yd,545,389.29,unknown,true,https://mulchmound.com/products/plano-texas-stone-delivery,2026-09-28T03:53:00.108Z,yard,own_scrape,
Mulch Mound,Plano Gravel Delivery,gravel,"West Texas Black / 1""",justin_texas,549,yd,549,392.14,unknown,true,https://mulchmound.com/products/plano-texas-stone-delivery,2026-09-28T03:53:00.108Z,yard,own_scrape,
Mulch Mound,Plano Gravel Delivery,gravel,"Road Base / 1.5""",justin_texas,127,yd,127,90.71,unknown,true,https://mulchmound.com/products/plano-texas-stone-delivery,2026-09-28T03:53:00.108Z,yard,own_scrape,
Mulch Mound,Plano Gravel Delivery,gravel,"Road Base / 0.75""",justin_texas,127,yd,127,90.71,unknown,true,https://mulchmound.com/products/plano-texas-stone-delivery,2026-09-28T03:53:00.108Z,yard,own_scrape,
Mulch Mound,Plano Gravel Delivery,gravel,"Washed Granite / 0.75""",justin_texas,182,yd,182,130,unknown,true,https://mulchmound.com/products/plano-texas-stone-delivery,2026-09-28T03:53:00.108Z,yard,own_scrape,
Mulch Mound,Plano Gravel Delivery,gravel,Crushed Stone / #57,mulch_mound_plano_tx,133,yd,133,95,unknown,true,https://mulchmound.com/products/plano-texas-stone-delivery,2026-09-28T03:53:00.108Z,yard,own_scrape,
Mulch Mound,Plano Gravel Delivery,gravel,"Limestone / 0.75""",Arlington1,110,yd,110,78.57,unknown,true,https://mulchmound.com/products/plano-texas-stone-delivery,2026-09-28T03:53:00.108Z,yard,own_scrape,
Mulch Mound,Frisco Mulch Delivery,mulch,Dyed Brown / Double Shredded,mulch_mound_frisco_tx,64,yd,64,213.33,unknown,true,https://mulchmound.com/products/frisco-texas-mulch-delivery,2026-09-28T03:53:01.371Z,yard,own_scrape,
Mulch Mound,Frisco Mulch Delivery,mulch,Dyed Black / Double Shredded,mulch_mound_frisco_tx,64,yd,64,213.33,unknown,true,https://mulchmound.com/products/frisco-texas-mulch-delivery,2026-09-28T03:53:01.371Z,yard,own_scrape,
Mulch Mound,Frisco Mulch Delivery,mulch,Natural Brown / Double Shredded,mulch_mound_frisco_tx,57,yd,57,190,unknown,true,https://mulchmound.com/products/frisco-texas-mulch-delivery,2026-09-28T03:53:01.371Z,yard,own_scrape,
Mulch Mound,Frisco Mulch Delivery,mulch,Natural Brown / Triple Shredded,Arlington1,46,yd,46,153.33,unknown,true,https://mulchmound.com/products/frisco-texas-mulch-delivery,2026-09-28T03:53:01.371Z,yard,own_scrape,
Mulch Mound,Frisco Mulch Delivery,mulch,Dyed Red / Double Shredded,Arlington1,46,yd,46,153.33,unknown,true,https://mulchmound.com/products/frisco-texas-mulch-delivery,2026-09-28T03:53:01.371Z,yard,own_scrape,
Mulch Mound,Frisco Mulch Delivery,mulch,Cedar / Double Shredded,Arlington1,55,yd,55,183.33,unknown,true,https://mulchmound.com/products/frisco-texas-mulch-delivery,2026-09-28T03:53:01.371Z,yard,own_scrape,
Mulch Mound,Frisco Mulch Delivery,mulch,Pine Bark / Double Shredded,Arlington1,55,yd,55,183.33,unknown,true,https://mulchmound.com/products/frisco-texas-mulch-delivery,2026-09-28T03:53:01.371Z,yard,own_scrape,
Mulch Mound,Frisco Mulch Delivery,mulch,Playground / Standard,Arlington1,52,yd,52,173.33,unknown,true,https://mulchmound.com/products/frisco-texas-mulch-delivery,2026-09-28T03:53:01.371Z,yard,own_scrape,
Mulch Mound,Frisco Sand Delivery,sand,Masonry / Bulk,mulch_mound_frisco_tx,74,yd,74,54.81,unknown,true,https://mulchmound.com/products/frisco-texas-sand-delivery,2026-09-28T03:53:02.604Z,yard,own_scrape,
Mulch Mound,Frisco Sand Delivery,sand,Fill / Bulk,mulch_mound_frisco_tx,69,yd,69,51.11,unknown,true,https://mulchmound.com/products/frisco-texas-sand-delivery,2026-09-28T03:53:02.604Z,yard,own_scrape,
Mulch Mound,Frisco Sand Delivery,sand,Play / Bulk,Arlington1,97,yd,97,71.85,unknown,true,https://mulchmound.com/products/frisco-texas-sand-delivery,2026-09-28T03:53:02.604Z,yard,own_scrape,
Mulch Mound,Frisco Sand Delivery,sand,Concrete / Bulk,Arlington1,96,yd,96,71.11,unknown,true,https://mulchmound.com/products/frisco-texas-sand-delivery,2026-09-28T03:53:02.604Z,yard,own_scrape,
Mulch Mound,Frisco Soil Delivery,soil,Top Soil / Screened,mulch_mound_frisco_tx,64,yd,64,58.18,unknown,true,https://mulchmound.com/products/frisco-texas-soil-delivery,2026-09-28T03:53:03.849Z,yard,own_scrape,
Mulch Mound,Frisco Soil Delivery,soil,Gardening Blend / Standard,Arlington1,55,yd,55,50,unknown,true,https://mulchmound.com/products/frisco-texas-soil-delivery,2026-09-28T03:53:03.849Z,yard,own_scrape,
Mulch Mound,Frisco Gravel Delivery,gravel,Decorative / Pea Gravel,placeholder,87,yd,87,62.14,unknown,true,https://mulchmound.com/products/frisco-texas-stone-delivery,2026-09-28T03:53:05.101Z,yard,own_scrape,
Mulch Mound,Frisco Gravel Delivery,gravel,"West Texas Black / 3"" Minus",justin_texas,545,yd,545,389.29,unknown,true,https://mulchmound.com/products/frisco-texas-stone-delivery,2026-09-28T03:53:05.101Z,yard,own_scrape,
Mulch Mound,Frisco Gravel Delivery,gravel,"West Texas Black / 1""",justin_texas,549,yd,549,392.14,unknown,true,https://mulchmound.com/products/frisco-texas-stone-delivery,2026-09-28T03:53:05.101Z,yard,own_scrape,
Mulch Mound,Frisco Gravel Delivery,gravel,"Road Base / 1.5""",justin_texas,127,yd,127,90.71,unknown,true,https://mulchmound.com/products/frisco-texas-stone-delivery,2026-09-28T03:53:05.101Z,yard,own_scrape,
Mulch Mound,Frisco Gravel Delivery,gravel,"Road Base / 0.75""",justin_texas,127,yd,127,90.71,unknown,true,https://mulchmound.com/products/frisco-texas-stone-delivery,2026-09-28T03:53:05.101Z,yard,own_scrape,
Mulch Mound,Frisco Gravel Delivery,gravel,"Washed Granite / 0.75""",justin_texas,182,yd,182,130,unknown,true,https://mulchmound.com/products/frisco-texas-stone-delivery,2026-09-28T03:53:05.101Z,yard,own_scrape,
Mulch Mound,Frisco Gravel Delivery,gravel,Crushed Stone / #57,mulch_mound_frisco_tx,133,yd,133,95,unknown,true,https://mulchmound.com/products/frisco-texas-stone-delivery,2026-09-28T03:53:05.101Z,yard,own_scrape,
Mulch Mound,Frisco Gravel Delivery,gravel,"Limestone / 0.75""",Arlington1,110,yd,110,78.57,unknown,true,https://mulchmound.com/products/frisco-texas-stone-delivery,2026-09-28T03:53:05.101Z,yard,own_scrape,
Mulch Mound,McKinney Mulch Delivery,mulch,Dyed Brown / Double Shredded,mulch_mound_mckinney_tx,71,yd,71,236.67,unknown,true,https://mulchmound.com/products/mckinney-texas-mulch-delivery,2026-09-28T03:53:06.423Z,yard,own_scrape,
Mulch Mound,McKinney Mulch Delivery,mulch,Dyed Black / Double Shredded,mulch_mound_mckinney_tx,71,yd,71,236.67,unknown,true,https://mulchmound.com/products/mckinney-texas-mulch-delivery,2026-09-28T03:53:06.423Z,yard,own_scrape,
Mulch Mound,McKinney Mulch Delivery,mulch,Natural Brown / Double Shredded,mulch_mound_mckinney_tx,51,yd,51,170,unknown,true,https://mulchmound.com/products/mckinney-texas-mulch-delivery,2026-09-28T03:53:06.423Z,yard,own_scrape,
Mulch Mound,McKinney Mulch Delivery,mulch,Natural Brown / Triple Shredded,Dallas2,46,yd,46,153.33,unknown,true,https://mulchmound.com/products/mckinney-texas-mulch-delivery,2026-09-28T03:53:06.423Z,yard,own_scrape,
Mulch Mound,McKinney Mulch Delivery,mulch,Cedar / Double Shredded,Dallas2,55,yd,55,183.33,unknown,true,https://mulchmound.com/products/mckinney-texas-mulch-delivery,2026-09-28T03:53:06.423Z,yard,own_scrape,
Mulch Mound,McKinney Mulch Delivery,mulch,Dyed Red / Double Shredded,Dallas2,46,yd,46,153.33,unknown,true,https://mulchmound.com/products/mckinney-texas-mulch-delivery,2026-09-28T03:53:06.423Z,yard,own_scrape,
Mulch Mound,McKinney Mulch Delivery,mulch,Pine Bark / Double Shredded,Dallas2,55,yd,55,183.33,unknown,true,https://mulchmound.com/products/mckinney-texas-mulch-delivery,2026-09-28T03:53:06.423Z,yard,own_scrape,
Mulch Mound,McKinney Mulch Delivery,mulch,Playground / Standard,Dallas2,52,yd,52,173.33,unknown,true,https://mulchmound.com/products/mckinney-texas-mulch-delivery,2026-09-28T03:53:06.423Z,yard,own_scrape,
Mulch Mound,McKinney Sand Delivery,sand,Masonry / Bulk,mulch_mound_mckinney_tx,74,yd,74,54.81,unknown,true,https://mulchmound.com/products/mckinney-texas-sand-delivery,2026-09-28T03:53:07.661Z,yard,own_scrape,
Mulch Mound,McKinney Sand Delivery,sand,Fill / Bulk,mulch_mound_mckinney_tx,69,yd,69,51.11,unknown,true,https://mulchmound.com/products/mckinney-texas-sand-delivery,2026-09-28T03:53:07.661Z,yard,own_scrape,
Mulch Mound,McKinney Sand Delivery,sand,Play / Bulk,Dallas2,97,yd,97,71.85,unknown,true,https://mulchmound.com/products/mckinney-texas-sand-delivery,2026-09-28T03:53:07.661Z,yard,own_scrape,
Mulch Mound,McKinney Sand Delivery,sand,Concrete / Bulk,Dallas2,96,yd,96,71.11,unknown,true,https://mulchmound.com/products/mckinney-texas-sand-delivery,2026-09-28T03:53:07.661Z,yard,own_scrape,
Mulch Mound,McKinney Soil Delivery,soil,Gardening Blend / Standard,Dallas2,55,yd,55,50,unknown,true,https://mulchmound.com/products/mckinney-texas-soil-delivery,2026-09-28T03:53:08.895Z,yard,own_scrape,
Mulch Mound,McKinney Soil Delivery,soil,Top Soil / Screened,Dallas2,49,yd,49,44.55,unknown,true,https://mulchmound.com/products/mckinney-texas-soil-delivery,2026-09-28T03:53:08.895Z,yard,own_scrape,
Mulch Mound,McKinney Gravel Delivery,gravel,"West Texas Black / 1""",whitesboro_texas,549,yd,549,392.14,unknown,true,https://mulchmound.com/products/mckinney-texas-stone-delivery,2026-09-28T03:53:10.140Z,yard,own_scrape,
Mulch Mound,McKinney Gravel Delivery,gravel,"Road Base / 1.5""",whitesboro_texas,127,yd,127,90.71,unknown,true,https://mulchmound.com/products/mckinney-texas-stone-delivery,2026-09-28T03:53:10.140Z,yard,own_scrape,
Mulch Mound,McKinney Gravel Delivery,gravel,"Road Base / 0.75""",whitesboro_texas,127,yd,127,90.71,unknown,true,https://mulchmound.com/products/mckinney-texas-stone-delivery,2026-09-28T03:53:10.140Z,yard,own_scrape,
Mulch Mound,McKinney Gravel Delivery,gravel,Crushed Stone / #57,mulch_mound_mckinney_tx,133,yd,133,95,unknown,true,https://mulchmound.com/products/mckinney-texas-stone-delivery,2026-09-28T03:53:10.140Z,yard,own_scrape,
Mulch Mound,McKinney Gravel Delivery,gravel,"Limestone / 0.75""",Dallas2,110,yd,110,78.57,unknown,true,https://mulchmound.com/products/mckinney-texas-stone-delivery,2026-09-28T03:53:10.140Z,yard,own_scrape,
Mulch Mound,Denton Mulch Delivery,mulch,Dyed Brown / Double Shredded,mulch_mound_denton_tx,74,yd,74,246.67,unknown,true,https://mulchmound.com/products/denton-texas-mulch-delivery,2026-09-28T03:53:16.329Z,yard,own_scrape,
Mulch Mound,Denton Mulch Delivery,mulch,Dyed Black / Double Shredded,mulch_mound_denton_tx,79,yd,79,263.33,unknown,true,https://mulchmound.com/products/denton-texas-mulch-delivery,2026-09-28T03:53:16.329Z,yard,own_scrape,
Mulch Mound,Denton Mulch Delivery,mulch,Natural Brown / Double Shredded,mulch_mound_denton_tx,52,yd,52,173.33,unknown,true,https://mulchmound.com/products/denton-texas-mulch-delivery,2026-09-28T03:53:16.329Z,yard,own_scrape,
Mulch Mound,Denton Mulch Delivery,mulch,Natural Brown / Triple Shredded,Arlington1,46,yd,46,153.33,unknown,true,https://mulchmound.com/products/denton-texas-mulch-delivery,2026-09-28T03:53:16.329Z,yard,own_scrape,
Mulch Mound,Denton Mulch Delivery,mulch,Dyed Red / Double Shredded,Arlington1,46,yd,46,153.33,unknown,true,https://mulchmound.com/products/denton-texas-mulch-delivery,2026-09-28T03:53:16.329Z,yard,own_scrape,
Mulch Mound,Denton Mulch Delivery,mulch,Cedar / Double Shredded,Arlington1,55,yd,55,183.33,unknown,true,https://mulchmound.com/products/denton-texas-mulch-delivery,2026-09-28T03:53:16.329Z,yard,own_scrape,
Mulch Mound,Denton Mulch Delivery,mulch,Pine Bark / Double Shredded,Arlington1,55,yd,55,183.33,unknown,true,https://mulchmound.com/products/denton-texas-mulch-delivery,2026-09-28T03:53:16.329Z,yard,own_scrape,
Mulch Mound,Denton Mulch Delivery,mulch,Playground / Standard,Arlington1,52,yd,52,173.33,unknown,true,https://mulchmound.com/products/denton-texas-mulch-delivery,2026-09-28T03:53:16.329Z,yard,own_scrape,
Mulch Mound,Denton Sand Delivery,sand,Masonry / Bulk,mulch_mound_denton_tx,74,yd,74,54.81,unknown,true,https://mulchmound.com/products/denton-texas-sand-delivery,2026-09-28T03:53:17.581Z,yard,own_scrape,
Mulch Mound,Denton Sand Delivery,sand,Fill / Bulk,mulch_mound_denton_tx,69,yd,69,51.11,unknown,true,https://mulchmound.com/products/denton-texas-sand-delivery,2026-09-28T03:53:17.581Z,yard,own_scrape,
Mulch Mound,Denton Sand Delivery,sand,Play / Bulk,Arlington1,97,yd,97,71.85,unknown,true,https://mulchmound.com/products/denton-texas-sand-delivery,2026-09-28T03:53:17.581Z,yard,own_scrape,
Mulch Mound,Denton Sand Delivery,sand,Concrete / Bulk,Arlington1,96,yd,96,71.11,unknown,true,https://mulchmound.com/products/denton-texas-sand-delivery,2026-09-28T03:53:17.581Z,yard,own_scrape,
Mulch Mound,Denton Soil Delivery,soil,Gardening Blend / Standard,Arlington1,55,yd,55,50,unknown,true,https://mulchmound.com/products/denton-texas-soil-delivery,2026-09-28T03:53:18.823Z,yard,own_scrape,
Mulch Mound,Denton Soil Delivery,soil,Top Soil / Screened,Arlington1,49,yd,49,44.55,unknown,true,https://mulchmound.com/products/denton-texas-soil-delivery,2026-09-28T03:53:18.823Z,yard,own_scrape,
Mulch Mound,Denton Soil Delivery,soil,Gardening Blend / Premium,mulch_mound_denton_tx,101,yd,101,91.82,unknown,true,https://mulchmound.com/products/denton-texas-soil-delivery,2026-09-28T03:53:18.823Z,yard,own_scrape,
Mulch Mound,Denton Gravel Delivery,gravel,"West Texas Black / 3"" Minus",justin_texas,545,yd,545,389.29,unknown,true,https://mulchmound.com/products/denton-texas-stone-delivery,2026-09-28T03:53:20.045Z,yard,own_scrape,
Mulch Mound,Denton Gravel Delivery,gravel,"West Texas Black / 1""",justin_texas,549,yd,549,392.14,unknown,true,https://mulchmound.com/products/denton-texas-stone-delivery,2026-09-28T03:53:20.045Z,yard,own_scrape,
Mulch Mound,Denton Gravel Delivery,gravel,"Road Base / 1.5""",justin_texas,127,yd,127,90.71,unknown,true,https://mulchmound.com/products/denton-texas-stone-delivery,2026-09-28T03:53:20.045Z,yard,own_scrape,
Mulch Mound,Denton Gravel Delivery,gravel,"Road Base / 0.75""",justin_texas,127,yd,127,90.71,unknown,true,https://mulchmound.com/products/denton-texas-stone-delivery,2026-09-28T03:53:20.045Z,yard,own_scrape,
Mulch Mound,Denton Gravel Delivery,gravel,"Washed Granite / 0.75""",justin_texas,182,yd,182,130,unknown,true,https://mulchmound.com/products/denton-texas-stone-delivery,2026-09-28T03:53:20.045Z,yard,own_scrape,
Mulch Mound,Denton Gravel Delivery,gravel,Crushed Stone / #57,mulch_mound_denton_tx,133,yd,133,95,unknown,true,https://mulchmound.com/products/denton-texas-stone-delivery,2026-09-28T03:53:20.045Z,yard,own_scrape,
Mulch Mound,Denton Gravel Delivery,gravel,"Limestone / 0.75""",Arlington1,110,yd,110,78.57,unknown,true,https://mulchmound.com/products/denton-texas-stone-delivery,2026-09-28T03:53:20.045Z,yard,own_scrape,
Mulch Mound,Arlington Mulch Delivery,mulch,Dyed Brown / Double Shredded,mulch_mound_arlington_tx,64,yd,64,213.33,unknown,true,https://mulchmound.com/products/arlington-texas-mulch-delivery,2026-09-28T03:53:26.242Z,yard,own_scrape,
Mulch Mound,Arlington Mulch Delivery,mulch,Dyed Black / Double Shredded,mulch_mound_arlington_tx,64,yd,64,213.33,unknown,true,https://mulchmound.com/products/arlington-texas-mulch-delivery,2026-09-28T03:53:26.242Z,yard,own_scrape,
Mulch Mound,Arlington Mulch Delivery,mulch,Natural Brown / Double Shredded,mulch_mound_arlington_tx,57,yd,57,190,unknown,true,https://mulchmound.com/products/arlington-texas-mulch-delivery,2026-09-28T03:53:26.242Z,yard,own_scrape,
Mulch Mound,Arlington Mulch Delivery,mulch,Natural Brown / Triple Shredded,Arlington1,46,yd,46,153.33,unknown,true,https://mulchmound.com/products/arlington-texas-mulch-delivery,2026-09-28T03:53:26.242Z,yard,own_scrape,
Mulch Mound,Arlington Mulch Delivery,mulch,Dyed Red / Double Shredded,Arlington1,46,yd,46,153.33,unknown,true,https://mulchmound.com/products/arlington-texas-mulch-delivery,2026-09-28T03:53:26.242Z,yard,own_scrape,
Mulch Mound,Arlington Mulch Delivery,mulch,Cedar / Double Shredded,Arlington1,55,yd,55,183.33,unknown,true,https://mulchmound.com/products/arlington-texas-mulch-delivery,2026-09-28T03:53:26.242Z,yard,own_scrape,
Mulch Mound,Arlington Mulch Delivery,mulch,Pine Bark / Double Shredded,Arlington1,55,yd,55,183.33,unknown,true,https://mulchmound.com/products/arlington-texas-mulch-delivery,2026-09-28T03:53:26.242Z,yard,own_scrape,
Mulch Mound,Arlington Mulch Delivery,mulch,Playground / Standard,Arlington1,52,yd,52,173.33,unknown,true,https://mulchmound.com/products/arlington-texas-mulch-delivery,2026-09-28T03:53:26.242Z,yard,own_scrape,
Mulch Mound,Arlington Sand Delivery,sand,Masonry / Bulk,mulch_mound_arlington_tx,74,yd,74,54.81,unknown,true,https://mulchmound.com/products/arlington-texas-sand-delivery,2026-09-28T03:53:27.499Z,yard,own_scrape,
Mulch Mound,Arlington Sand Delivery,sand,Fill / Bulk,mulch_mound_arlington_tx,69,yd,69,51.11,unknown,true,https://mulchmound.com/products/arlington-texas-sand-delivery,2026-09-28T03:53:27.499Z,yard,own_scrape,
Mulch Mound,Arlington Sand Delivery,sand,Play / Bulk,Arlington1,97,yd,97,71.85,unknown,true,https://mulchmound.com/products/arlington-texas-sand-delivery,2026-09-28T03:53:27.499Z,yard,own_scrape,
Mulch Mound,Arlington Sand Delivery,sand,Concrete / Bulk,Arlington1,96,yd,96,71.11,unknown,true,https://mulchmound.com/products/arlington-texas-sand-delivery,2026-09-28T03:53:27.499Z,yard,own_scrape,
Mulch Mound,Arlington Soil Delivery,soil,Top Soil / Screened,mulch_mound_arlington_tx,64,yd,64,58.18,unknown,true,https://mulchmound.com/products/arlington-texas-soil-delivery,2026-09-28T03:53:28.739Z,yard,own_scrape,
Mulch Mound,Arlington Soil Delivery,soil,Gardening Blend / Standard,Arlington1,55,yd,55,50,unknown,true,https://mulchmound.com/products/arlington-texas-soil-delivery,2026-09-28T03:53:28.739Z,yard,own_scrape,
Mulch Mound,Arlington Gravel Delivery,gravel,"West Texas Black / 3"" Minus",justin_texas,545,yd,545,389.29,unknown,true,https://mulchmound.com/products/arlington-texas-stone-delivery,2026-09-28T03:53:29.966Z,yard,own_scrape,
Mulch Mound,Arlington Gravel Delivery,gravel,"West Texas Black / 1""",justin_texas,549,yd,549,392.14,unknown,true,https://mulchmound.com/products/arlington-texas-stone-delivery,2026-09-28T03:53:29.966Z,yard,own_scrape,
Mulch Mound,Arlington Gravel Delivery,gravel,"Road Base / 1.5""",justin_texas,127,yd,127,90.71,unknown,true,https://mulchmound.com/products/arlington-texas-stone-delivery,2026-09-28T03:53:29.966Z,yard,own_scrape,
Mulch Mound,Arlington Gravel Delivery,gravel,"Road Base / 0.75""",justin_texas,127,yd,127,90.71,unknown,true,https://mulchmound.com/products/arlington-texas-stone-delivery,2026-09-28T03:53:29.966Z,yard,own_scrape,
Mulch Mound,Arlington Gravel Delivery,gravel,"Washed Granite / 0.75""",justin_texas,182,yd,182,130,unknown,true,https://mulchmound.com/products/arlington-texas-stone-delivery,2026-09-28T03:53:29.966Z,yard,own_scrape,
Mulch Mound,Arlington Gravel Delivery,gravel,Crushed Stone / #57,mulch_mound_arlington_tx,133,yd,133,95,unknown,true,https://mulchmound.com/products/arlington-texas-stone-delivery,2026-09-28T03:53:29.966Z,yard,own_scrape,
Mulch Mound,Arlington Gravel Delivery,gravel,"Limestone / 0.75""",Arlington1,110,yd,110,78.57,unknown,true,https://mulchmound.com/products/arlington-texas-stone-delivery,2026-09-28T03:53:29.966Z,yard,own_scrape,
Mulch Mound,Garland Mulch Delivery,mulch,Dyed Brown / Double Shredded,mulch_mound_garland_tx,64,yd,64,213.33,unknown,true,https://mulchmound.com/products/garland-texas-mulch-delivery,2026-09-28T03:53:36.117Z,yard,own_scrape,
Mulch Mound,Garland Mulch Delivery,mulch,Dyed Black / Double Shredded,mulch_mound_garland_tx,64,yd,64,213.33,unknown,true,https://mulchmound.com/products/garland-texas-mulch-delivery,2026-09-28T03:53:36.117Z,yard,own_scrape,
Mulch Mound,Garland Mulch Delivery,mulch,Natural Brown / Double Shredded,mulch_mound_garland_tx,57,yd,57,190,unknown,true,https://mulchmound.com/products/garland-texas-mulch-delivery,2026-09-28T03:53:36.117Z,yard,own_scrape,
Mulch Mound,Garland Mulch Delivery,mulch,Natural Brown / Triple Shredded,Arlington1,46,yd,46,153.33,unknown,true,https://mulchmound.com/products/garland-texas-mulch-delivery,2026-09-28T03:53:36.117Z,yard,own_scrape,
Mulch Mound,Garland Mulch Delivery,mulch,Dyed Red / Double Shredded,Arlington1,46,yd,46,153.33,unknown,true,https://mulchmound.com/products/garland-texas-mulch-delivery,2026-09-28T03:53:36.117Z,yard,own_scrape,
Mulch Mound,Garland Mulch Delivery,mulch,Cedar / Double Shredded,Arlington1,55,yd,55,183.33,unknown,true,https://mulchmound.com/products/garland-texas-mulch-delivery,2026-09-28T03:53:36.117Z,yard,own_scrape,
Mulch Mound,Garland Mulch Delivery,mulch,Pine Bark / Double Shredded,Arlington1,55,yd,55,183.33,unknown,true,https://mulchmound.com/products/garland-texas-mulch-delivery,2026-09-28T03:53:36.117Z,yard,own_scrape,
Mulch Mound,Garland Mulch Delivery,mulch,Playground / Standard,Arlington1,52,yd,52,173.33,unknown,true,https://mulchmound.com/products/garland-texas-mulch-delivery,2026-09-28T03:53:36.117Z,yard,own_scrape,
Mulch Mound,Garland Sand Delivery,sand,Masonry / Bulk,mulch_mound_garland_tx,74,yd,74,54.81,unknown,true,https://mulchmound.com/products/garland-texas-sand-delivery,2026-09-28T03:53:37.365Z,yard,own_scrape,
Mulch Mound,Garland Sand Delivery,sand,Fill / Bulk,mulch_mound_garland_tx,69,yd,69,51.11,unknown,true,https://mulchmound.com/products/garland-texas-sand-delivery,2026-09-28T03:53:37.365Z,yard,own_scrape,
Mulch Mound,Garland Sand Delivery,sand,Play / Bulk,Arlington1,97,yd,97,71.85,unknown,true,https://mulchmound.com/products/garland-texas-sand-delivery,2026-09-28T03:53:37.365Z,yard,own_scrape,
Mulch Mound,Garland Sand Delivery,sand,Concrete / Bulk,Arlington1,96,yd,96,71.11,unknown,true,https://mulchmound.com/products/garland-texas-sand-delivery,2026-09-28T03:53:37.365Z,yard,own_scrape,
Mulch Mound,Garland Soil Delivery,soil,Top Soil / Screened,mulch_mound_garland_tx,64,yd,64,58.18,unknown,true,https://mulchmound.com/products/garland-texas-soil-delivery,2026-09-28T03:53:38.616Z,yard,own_scrape,
Mulch Mound,Garland Soil Delivery,soil,Gardening Blend / Standard,Arlington1,55,yd,55,50,unknown,true,https://mulchmound.com/products/garland-texas-soil-delivery,2026-09-28T03:53:38.616Z,yard,own_scrape,
Mulch Mound,Garland Gravel Delivery,gravel,Crushed Stone / #57,mulch_mound_garland_tx,133,yd,133,95,unknown,true,https://mulchmound.com/products/garland-texas-stone-delivery,2026-09-28T03:53:39.855Z,yard,own_scrape,
Mulch Mound,Garland Gravel Delivery,gravel,"Limestone / 0.75""",Arlington1,110,yd,110,78.57,unknown,true,https://mulchmound.com/products/garland-texas-stone-delivery,2026-09-28T03:53:39.855Z,yard,own_scrape,
MyGravelBuddy,Test Product,other,Test Product,,1,ton,,1,unknown,false,https://mygravelbuddy.com/product/conversion-test-19d6347a/,2026-09-28T03:54:26.516Z,broker,own_scrape,
MyGravelBuddy,Concrete Sand,sand,Concrete Sand,,217.55,ton,293.69,217.55,unknown,true,https://mygravelbuddy.com/product/concrete-sand/,2026-09-28T03:54:26.516Z,broker,own_scrape,
MyGravelBuddy,Riprap Med,gravel,Riprap Med,,220.49,ton,308.69,220.49,unknown,true,https://mygravelbuddy.com/product/riprap-med/,2026-09-28T03:54:26.516Z,broker,own_scrape,
MyGravelBuddy,Wood Chips,other,Wood Chips,,270,ton,,270,unknown,false,https://mygravelbuddy.com/product/wood-chips/,2026-09-28T03:54:26.516Z,broker,own_scrape,
MyGravelBuddy,Compost,soil,Compost,,237.5,ton,261.25,237.5,unknown,true,https://mygravelbuddy.com/product/compost/,2026-09-28T03:54:26.516Z,broker,own_scrape,
MyGravelBuddy,Red Mulch,mulch,Red Mulch,,244.22,ton,73.27,244.22,unknown,true,https://mygravelbuddy.com/product/red-mulch/,2026-09-28T03:54:26.516Z,broker,own_scrape,
MyGravelBuddy,Walkway Gravel,gravel,Walkway Gravel,,241.46,ton,338.04,241.46,unknown,true,https://mygravelbuddy.com/product/walkway-gravel/,2026-09-28T03:54:26.516Z,broker,own_scrape,
MyGravelBuddy,Topsoil,soil,Topsoil,,237.91,ton,261.7,237.91,unknown,true,https://mygravelbuddy.com/product/topsoil/,2026-09-28T03:54:26.516Z,broker,own_scrape,
MyGravelBuddy,Stone Dust (Screenings),gravel,Stone Dust (Screenings),,211.37,ton,295.92,211.37,unknown,true,https://mygravelbuddy.com/product/stone-dust-screenings/,2026-09-28T03:54:26.516Z,broker,own_scrape,
MyGravelBuddy,Road Base,gravel,Road Base,,219.4,ton,307.16,219.4,unknown,true,https://mygravelbuddy.com/product/road-base/,2026-09-28T03:54:26.516Z,broker,own_scrape,
MyGravelBuddy,River Rock,gravel,River Rock,,373.64,ton,523.1,373.64,unknown,true,https://mygravelbuddy.com/product/river-rock/,2026-09-28T03:54:26.516Z,broker,own_scrape,
MyGravelBuddy,Railroad Ballast,other,Railroad Ballast,,264.29,ton,,264.29,unknown,false,https://mygravelbuddy.com/product/railroad-ballast/,2026-09-28T03:54:26.516Z,broker,own_scrape,
MyGravelBuddy,Playground Sand,sand,Playground Sand,,229.15,ton,309.35,229.15,unknown,true,https://mygravelbuddy.com/product/playground-sand/,2026-09-28T03:54:26.516Z,broker,own_scrape,
MyGravelBuddy,Mason Sand,sand,Mason Sand,,230.04,ton,310.55,230.04,unknown,true,https://mygravelbuddy.com/product/mason-sand/,2026-09-28T03:54:26.516Z,broker,own_scrape,
MyGravelBuddy,Garden Soil,soil,Garden Soil,,228,ton,250.8,228,unknown,true,https://mygravelbuddy.com/product/garden-soil/,2026-09-28T03:54:26.516Z,broker,own_scrape,
MyGravelBuddy,Fill Sand,sand,Fill Sand,,200.36,ton,270.49,200.36,unknown,true,https://mygravelbuddy.com/product/fill-sand/,2026-09-28T03:54:26.516Z,broker,own_scrape,
MyGravelBuddy,Fill Dirt,soil,Fill Dirt,,211.75,ton,232.93,211.75,unknown,true,https://mygravelbuddy.com/product/fill-dirt/,2026-09-28T03:54:26.516Z,broker,own_scrape,
MyGravelBuddy,Driveway Gravel,gravel,Driveway Gravel,,232.27,ton,325.18,232.27,unknown,true,https://mygravelbuddy.com/product/driveway-gravel/,2026-09-28T03:54:26.516Z,broker,own_scrape,
MyGravelBuddy,Drain Rock,gravel,Drain Rock,,211.61,ton,296.25,211.61,unknown,true,https://mygravelbuddy.com/product/drain-rock/,2026-09-28T03:54:26.516Z,broker,own_scrape,
MyGravelBuddy,Decomposed Granite,gravel,Decomposed Granite,,246.33,ton,344.86,246.33,unknown,true,https://mygravelbuddy.com/product/decomposed-granite/,2026-09-28T03:54:26.516Z,broker,own_scrape,
MyGravelBuddy,Crushed Concrete,other,Crushed Concrete,,217.98,ton,,217.98,unknown,false,https://mygravelbuddy.com/product/crushed-concrete/,2026-09-28T03:54:26.516Z,broker,own_scrape,
MyGravelBuddy,Brown Shredded Mulch,mulch,Brown Shredded Mulch,,224.5,ton,67.35,224.5,unknown,true,https://mygravelbuddy.com/product/brown-shredded-mulch/,2026-09-28T03:54:26.516Z,broker,own_scrape,
MyGravelBuddy,Black Shredded Mulch,mulch,Black Shredded Mulch,,224.5,ton,67.35,224.5,unknown,true,https://mygravelbuddy.com/product/black-shredded-mulch/,2026-09-28T03:54:26.516Z,broker,own_scrape,
MyGravelBuddy,Asphalt Millings,other,Asphalt Millings,,205.9,ton,,205.9,unknown,false,https://mygravelbuddy.com/product/asphalt-millings/,2026-09-28T03:54:26.516Z,broker,own_scrape,
MyGravelBuddy,3/8″ Natural Pea Gravel,gravel,3/8″ Natural Pea Gravel,,240.91,ton,337.27,240.91,unknown,true,https://mygravelbuddy.com/product/3-8-inch-natural-pea-gravel/,2026-09-28T03:54:26.517Z,broker,own_scrape,
MyGravelBuddy,3/8″ Crushed Stone,gravel,3/8″ Crushed Stone,,241.46,ton,338.04,241.46,unknown,true,https://mygravelbuddy.com/product/3-8-inch-crushed-stone/,2026-09-28T03:54:26.517Z,broker,own_scrape,
MyGravelBuddy,3/4″ Crushed Stone,gravel,3/4″ Crushed Stone,,216.84,ton,303.58,216.84,unknown,true,https://mygravelbuddy.com/product/3-4-inch-crushed-stone/,2026-09-28T03:54:26.517Z,broker,own_scrape,
MyGravelBuddy,1 1/2″ Crushed Gravel,gravel,1 1/2″ Crushed Gravel,,223.25,ton,312.55,223.25,unknown,true,https://mygravelbuddy.com/product/1-1-2-inch-crushed-gravel/,2026-09-28T03:54:26.517Z,broker,own_scrape,
MyGravelBuddy,#67 Stone,gravel,#67 Stone,,216.3,ton,302.82,216.3,unknown,true,https://mygravelbuddy.com/product/67-stone/,2026-09-28T03:54:26.517Z,broker,own_scrape,
MyGravelBuddy,#4 Crushed Stone,gravel,#4 Crushed Stone,,224.65,ton,314.51,224.65,unknown,true,https://mygravelbuddy.com/product/4-crushed-stone/,2026-09-28T03:54:26.517Z,broker,own_scrape,
MyGravelBuddy,#57 Crushed Stone,gravel,#57 Crushed Stone,,216.84,ton,303.58,216.84,unknown,true,https://mygravelbuddy.com/product/57-crushed-stone/,2026-09-28T03:54:26.517Z,broker,own_scrape,
MyGravelBuddy,#89 Crushed Stone,gravel,#89 Crushed Stone,,209,ton,292.6,209,unknown,true,https://mygravelbuddy.com/product/89-crushed-stone/,2026-09-28T03:54:26.517Z,broker,own_scrape,
Outdoor Warehouse Supply,Black Decomposed Granite,gravel,Black Decomposed Granite,,215,yd,215,153.57,true,true,https://www.outdoorwarehousesupply.com/product-category/bulk-materials/gravel/,2026-09-28T03:52:45.013Z,yard,own_scrape,
Outdoor Warehouse Supply,Limestone Rip Rap,gravel,Limestone Rip Rap,,95,yd,95,67.86,true,true,https://www.outdoorwarehousesupply.com/product-category/bulk-materials/gravel/,2026-09-28T03:52:45.013Z,yard,own_scrape,
Outdoor Warehouse Supply,"Granite Chips - 1"" minus",gravel,"Granite Chips - 1"" minus",,140,yd,140,100,true,true,https://www.outdoorwarehousesupply.com/product-category/bulk-materials/gravel/,2026-09-28T03:52:45.013Z,yard,own_scrape,
Outdoor Warehouse Supply,Native Gravel - Large,gravel,Native Gravel - Large,,100,yd,100,71.43,true,true,https://www.outdoorwarehousesupply.com/product-category/bulk-materials/gravel/,2026-09-28T03:52:45.013Z,yard,own_scrape,
Outdoor Warehouse Supply,Texas Black Star Gravel - Large,gravel,Texas Black Star Gravel - Large,,320,yd,320,228.57,true,true,https://www.outdoorwarehousesupply.com/product-category/bulk-materials/gravel/,2026-09-28T03:52:45.013Z,yard,own_scrape,
Outdoor Warehouse Supply,Texas Black Star Gravel - Small,gravel,Texas Black Star Gravel - Small,,320,yd,320,228.57,true,true,https://www.outdoorwarehousesupply.com/product-category/bulk-materials/gravel/,2026-09-28T03:52:45.013Z,yard,own_scrape,
Outdoor Warehouse Supply,Pea Gravel,gravel,Pea Gravel,,100,yd,100,71.43,true,true,https://www.outdoorwarehousesupply.com/product-category/bulk-materials/gravel/,2026-09-28T03:52:45.013Z,yard,own_scrape,
Outdoor Warehouse Supply,Native Gravel - Small,gravel,Native Gravel - Small,,100,yd,100,71.43,true,true,https://www.outdoorwarehousesupply.com/product-category/bulk-materials/gravel/,2026-09-28T03:52:45.013Z,yard,own_scrape,
Outdoor Warehouse Supply,Flex Base - Large,gravel,Flex Base - Large,,65,yd,65,46.43,true,true,https://www.outdoorwarehousesupply.com/product-category/bulk-materials/gravel/,2026-09-28T03:52:45.013Z,yard,own_scrape,
Outdoor Warehouse Supply,Fines Base - Small,gravel,Fines Base - Small,,65,yd,65,46.43,true,true,https://www.outdoorwarehousesupply.com/product-category/bulk-materials/gravel/,2026-09-28T03:52:45.013Z,yard,own_scrape,
Outdoor Warehouse Supply,Black Label Mulch,mulch,Black Label Mulch,,45,yd,45,150,true,true,https://www.outdoorwarehousesupply.com/product-category/bulk-materials/sand-soil-mulch/,2026-09-28T03:52:45.013Z,yard,own_scrape,
Outdoor Warehouse Supply,White Sand,sand,White Sand,,150,yd,150,111.11,true,true,https://www.outdoorwarehousesupply.com/product-category/bulk-materials/sand-soil-mulch/,2026-09-28T03:52:45.013Z,yard,own_scrape,
Outdoor Warehouse Supply,Cushion Sand,sand,Cushion Sand,,42,yd,42,31.11,true,true,https://www.outdoorwarehousesupply.com/product-category/bulk-materials/sand-soil-mulch/,2026-09-28T03:52:45.013Z,yard,own_scrape,
Outdoor Warehouse Supply,Enriched Top Soil,soil,Enriched Top Soil,,52,yd,52,47.27,true,true,https://www.outdoorwarehousesupply.com/product-category/bulk-materials/sand-soil-mulch/,2026-09-28T03:52:45.013Z,yard,own_scrape,
Outdoor Warehouse Supply,Mason Sand,sand,Mason Sand,,65,yd,65,48.15,true,true,https://www.outdoorwarehousesupply.com/product-category/bulk-materials/sand-soil-mulch/,2026-09-28T03:52:45.013Z,yard,own_scrape,
Outdoor Warehouse Supply,Hardwood Mulch,mulch,Hardwood Mulch,,40,yd,40,133.33,true,true,https://www.outdoorwarehousesupply.com/product-category/bulk-materials/sand-soil-mulch/,2026-09-28T03:52:45.013Z,yard,own_scrape,
Outdoor Warehouse Supply,Concrete Sand,sand,Concrete Sand,,80,yd,80,59.26,true,true,https://www.outdoorwarehousesupply.com/product-category/bulk-materials/sand-soil-mulch/,2026-09-28T03:52:45.013Z,yard,own_scrape,
Fort Worth Grass & Stone,Decomposed Granite,gravel,Decomposed Granite,,110,yd,110,78.57,false,true,https://fortworthgrass.com/bulk-materials,2026-09-28T03:52:45.013Z,yard,own_scrape,
Fort Worth Grass & Stone,Gravel (1 in.),gravel,Gravel (1 in.),,90,yd,90,64.29,false,true,https://fortworthgrass.com/bulk-materials,2026-09-28T03:52:45.013Z,yard,own_scrape,
Fort Worth Grass & Stone,Masonry Sand,sand,Masonry Sand,,100,yd,100,74.07,false,true,https://fortworthgrass.com/bulk-materials,2026-09-28T03:52:45.013Z,yard,own_scrape,
Fort Worth Grass & Stone,Premium Soil Mix,soil,Premium Soil Mix,,55,yd,55,50,false,true,https://fortworthgrass.com/bulk-materials,2026-09-28T03:52:45.013Z,yard,own_scrape,
Fort Worth Grass & Stone,Texas Native Tree Mulch,mulch,Texas Native Tree Mulch,,50,yd,50,166.67,false,true,https://fortworthgrass.com/bulk-materials,2026-09-28T03:52:45.013Z,yard,own_scrape,
Fort Worth Grass & Stone,"White Marble (1-2"" size)",gravel,"White Marble (1-2"" size)",,310,ton,434,310,false,true,https://fortworthgrass.com/bulk-materials,2026-09-28T03:52:45.013Z,yard,own_scrape,
Gravel Monkey,#57 Crushed Stone,gravel,#57 Crushed Stone,"entry price $435 for 2 ton minimum (national, not DFW-specific)",217.5,ton,304.5,217.5,true,true,https://mygravelmonkey.com/llms.txt,2026-09-28T03:52:45.014Z,broker,own_scrape,
Gravel Monkey,Crusher Run,gravel,Crusher Run,"entry price $425 for 2 ton minimum (national, not DFW-specific)",212.5,ton,297.5,212.5,true,true,https://mygravelmonkey.com/llms.txt,2026-09-28T03:52:45.014Z,broker,own_scrape,
Gravel Monkey,Road Base,gravel,Road Base,"entry price $415 for 2 ton minimum (national, not DFW-specific)",207.5,ton,290.5,207.5,true,true,https://mygravelmonkey.com/llms.txt,2026-09-28T03:52:45.014Z,broker,own_scrape,
Gravel Monkey,Driveway Gravel,gravel,Driveway Gravel,"entry price $432 for 2 ton minimum (national, not DFW-specific)",216,ton,302.4,216,true,true,https://mygravelmonkey.com/llms.txt,2026-09-28T03:52:45.014Z,broker,own_scrape,
Gravel Monkey,"3/4"" Driveway Gravel",gravel,"3/4"" Driveway Gravel","entry price $435 for 2 ton minimum (national, not DFW-specific)",217.5,ton,304.5,217.5,true,true,https://mygravelmonkey.com/llms.txt,2026-09-28T03:52:45.014Z,broker,own_scrape,
Gravel Monkey,Walkway Gravel,gravel,Walkway Gravel,"entry price $440 for 2 ton minimum (national, not DFW-specific)",220,ton,308,220,true,true,https://mygravelmonkey.com/llms.txt,2026-09-28T03:52:45.014Z,broker,own_scrape,
Gravel Monkey,Drain Rock,gravel,Drain Rock,"entry price $472 for 3 ton minimum (national, not DFW-specific)",157.33,ton,220.26,157.33,true,true,https://mygravelmonkey.com/llms.txt,2026-09-28T03:52:45.014Z,broker,own_scrape,
Gravel Monkey,Decomposed Granite,gravel,Decomposed Granite,"entry price $674 for 3 ton minimum (national, not DFW-specific)",224.67,ton,314.54,224.67,true,true,https://mygravelmonkey.com/llms.txt,2026-09-28T03:52:45.014Z,broker,own_scrape,
Gravel Monkey,"3/8"" Natural Pea Gravel",gravel,"3/8"" Natural Pea Gravel","entry price $698 for 2 ton minimum (national, not DFW-specific)",349,ton,488.6,349,true,true,https://mygravelmonkey.com/llms.txt,2026-09-28T03:52:45.014Z,broker,own_scrape,
Gravel Monkey,River Rock (various sizes),gravel,River Rock (various sizes),"entry price $822 for 2 ton minimum (national, not DFW-specific)",411,ton,575.4,411,true,true,https://mygravelmonkey.com/llms.txt,2026-09-28T03:52:45.014Z,broker,own_scrape,
Gravel Monkey,"1""-1 1/2"" Crushed Concrete",gravel,"1""-1 1/2"" Crushed Concrete","entry price $625 for 3 ton minimum (national, not DFW-specific)",208.33,ton,291.66,208.33,true,true,https://mygravelmonkey.com/llms.txt,2026-09-28T03:52:45.014Z,broker,own_scrape,
Gravel Monkey,Fill Dirt,soil,Fill Dirt,"entry price $336 for 3 ton minimum (national, not DFW-specific)",112,ton,123.2,112,true,true,https://mygravelmonkey.com/llms.txt,2026-09-28T03:52:45.014Z,broker,own_scrape,
Gravel Monkey,Topsoil,soil,Topsoil,"entry price $421 for 2 ton minimum (national, not DFW-specific)",210.5,ton,231.55,210.5,true,true,https://mygravelmonkey.com/llms.txt,2026-09-28T03:52:45.014Z,broker,own_scrape,
Gravel Monkey,Mason Sand,sand,Mason Sand,"entry price $556 for 3 ton minimum (national, not DFW-specific)",185.33,ton,250.2,185.33,true,true,https://mygravelmonkey.com/llms.txt,2026-09-28T03:52:45.014Z,broker,own_scrape,
Gravel Monkey,Washed Sand,sand,Washed Sand,"entry price $701 for 3 ton minimum (national, not DFW-specific)",233.67,ton,315.45,233.67,true,true,https://mygravelmonkey.com/llms.txt,2026-09-28T03:52:45.014Z,broker,own_scrape,
Gravel Monkey,Playground Sand,sand,Playground Sand,"entry price $701 for 3 ton minimum (national, not DFW-specific)",233.67,ton,315.45,233.67,true,true,https://mygravelmonkey.com/llms.txt,2026-09-28T03:52:45.014Z,broker,own_scrape,
Gravel Monkey,Shredded Hardwood Mulch,mulch,Shredded Hardwood Mulch,"entry price $372 for 3 yd minimum (national, not DFW-specific)",124,yd,124,413.33,true,true,https://mygravelmonkey.com/llms.txt,2026-09-28T03:52:45.014Z,broker,own_scrape,
Fill Dirt Near Me,Fill Dirt (from price),soil,select fill,"promotional 'from' price, 10-yd minimum per load",10,yd,10,9.09,true,true,https://filldirtnearme.net,2026-09-27,broker,external_llm_verified,deepseek
